id,timestamp,from,to,contractAddress,value,tokenSymbol,tokenName
0x3980c9ed79d2c191a89e02fa3529c60ed6e9c04b,1730479031,0x0d5ba355f747e75a2977f27b7d2e11544d8fe484,0x3980c9ed79d2c191a89e02fa3529c60ed6e9c04b,,0,,
0x3980c9ed79d2c191a89e02fa3529c60ed6e9c04b,1730512211,0x733e494360fd841ee7f44420b8f848e5da5316b9,0x3980c9ed79d2c191a89e02fa3529c60ed6e9c04b,,0,,
0x3980c9ed79d2c191a89e02fa3529c60ed6e9c04b,1730531219,0x62bd9efe91cc1dbf5a5ae73541819c9e1b60ccf4,0x3980c9ed79d2c191a89e02fa3529c60ed6e9c04b,,2000000000000000,,
0x3980c9ed79d2c191a89e02fa3529c60ed6e9c04b,1730538623,0x8e1dfeb00c819b4d3b47ccbd97b248dc9f59ca8e,0x3980c9ed79d2c191a89e02fa3529c60ed6e9c04b,,870000000000000000,,
0x3980c9ed79d2c191a89e02fa3529c60ed6e9c04b,1730656103,0x9644642dd60b1c9964089a9f12a6d83248f166ea,0x3980c9ed79d2c191a89e02fa3529c60ed6e9c04b,,2000000000000000,,
0x3980c9ed79d2c191a89e02fa3529c60ed6e9c04b,1730712911,0xa59b2f5cc8347e69f779d8f7c954728885c7b029,0x3980c9ed79d2c191a89e02fa3529c60ed6e9c04b,,0,,
0x3980c9ed79d2c191a89e02fa3529c60ed6e9c04b,1730723711,0xdaabdaac8073a7dabdc96f6909e8476ab4001b34,0x3980c9ed79d2c191a89e02fa3529c60ed6e9c04b,,0,,
0x3980c9ed79d2c191a89e02fa3529c60ed6e9c04b,1730811083,0x81422e8868bed9f3779538ca3f8e7e4d80f28e52,0x3980c9ed79d2c191a89e02fa3529c60ed6e9c04b,,0,,
0x3980c9ed79d2c191a89e02fa3529c60ed6e9c04b,1730817383,0x3c00eee9e69e632466458615112ede76c32292ee,0x3980c9ed79d2c191a89e02fa3529c60ed6e9c04b,,0,,
0x3980c9ed79d2c191a89e02fa3529c60ed6e9c04b,1730844455,0x0d5ba355f747e75a2977f27b7d2e11544d8fe484,0x3980c9ed79d2c191a89e02fa3529c60ed6e9c04b,,11000000000000000000,,
0x3980c9ed79d2c191a89e02fa3529c60ed6e9c04b,1730853311,0x3c00eee9e69e632466458615112ede76c32292ee,0x3980c9ed79d2c191a89e02fa3529c60ed6e9c04b,,0,,
0x3980c9ed79d2c191a89e02fa3529c60ed6e9c04b,1730866859,0xa4154707f65df3fe7dbd39f9571790afaa2d248b,0x3980c9ed79d2c191a89e02fa3529c60ed6e9c04b,,10000000000000000,,
0x3980c9ed79d2c191a89e02fa3529c60ed6e9c04b,1730867891,0xa4154707f65df3fe7dbd39f9571790afaa2d248b,0x3980c9ed79d2c191a89e02fa3529c60ed6e9c04b,,0,,
0x3980c9ed79d2c191a89e02fa3529c60ed6e9c04b,1730874695,0xad4166c6204025ce9676c7b0c9b9fe7eb8e946c4,0x3980c9ed79d2c191a89e02fa3529c60ed6e9c04b,,0,,
0x3980c9ed79d2c191a89e02fa3529c60ed6e9c04b,1730878811,0xa4154707f65df3fe7dbd39f9571790afaa2d248b,0x3980c9ed79d2c191a89e02fa3529c60ed6e9c04b,,0,,
0x3980c9ed79d2c191a89e02fa3529c60ed6e9c04b,1730906819,0x3efa4f8eda96e3f7d420271c77eb1e9e93808063,0x3980c9ed79d2c191a89e02fa3529c60ed6e9c04b,,0,,
0x3980c9ed79d2c191a89e02fa3529c60ed6e9c04b,1730927615,0x98f0f120de21a90f220b0027a9c70029df9bbde4,0x3980c9ed79d2c191a89e02fa3529c60ed6e9c04b,,6200000000000000000,,
0x3980c9ed79d2c191a89e02fa3529c60ed6e9c04b,1730970779,0xcdd3e6733a2fe6b47d94521a4aed30cdea894210,0x3980c9ed79d2c191a89e02fa3529c60ed6e9c04b,,0,,
0x3980c9ed79d2c191a89e02fa3529c60ed6e9c04b,1730972951,0xcdd3e6733a2fe6b47d94521a4aed30cdea894210,0x3980c9ed79d2c191a89e02fa3529c60ed6e9c04b,,0,,
0x3980c9ed79d2c191a89e02fa3529c60ed6e9c04b,1731043547,0x00d93262c00311349b21b8982e277f43338f7302,0x3980c9ed79d2c191a89e02fa3529c60ed6e9c04b,,0,,
0x3980c9ed79d2c191a89e02fa3529c60ed6e9c04b,1731083987,0xd9d4f25acb0466b49f3be1bf68770c5aa12e898a,0x3980c9ed79d2c191a89e02fa3529c60ed6e9c04b,,24000000000000000000,,
0x3980c9ed79d2c191a89e02fa3529c60ed6e9c04b,1731172871,0x1e02f342a438c61a3616fb660f338a6414ee5b5b,0x3980c9ed79d2c191a89e02fa3529c60ed6e9c04b,,0,,
0x3980c9ed79d2c191a89e02fa3529c60ed6e9c04b,1731175763,0x310c367309d9230c2fa269571d43b6f81a827086,0x3980c9ed79d2c191a89e02fa3529c60ed6e9c04b,,0,,
0x3980c9ed79d2c191a89e02fa3529c60ed6e9c04b,1731181175,0xe61e9381f8a18dff5a9128329e5425d7ceae407c,0x3980c9ed79d2c191a89e02fa3529c60ed6e9c04b,,0,,
0x3980c9ed79d2c191a89e02fa3529c60ed6e9c04b,1731210779,0x77d0fb80eb7902c9a8952a47e0d189db845fceb7,0x3980c9ed79d2c191a89e02fa3529c60ed6e9c04b,,0,,
0x3980c9ed79d2c191a89e02fa3529c60ed6e9c04b,1731227243,0xbb95a6b7116175135e0aadd3fd92fbe37429a6f5,0x3980c9ed79d2c191a89e02fa3529c60ed6e9c04b,,0,,
0x3980c9ed79d2c191a89e02fa3529c60ed6e9c04b,1731274451,0xbb95a6b7116175135e0aadd3fd92fbe37429a6f5,0x3980c9ed79d2c191a89e02fa3529c60ed6e9c04b,,0,,
0x3980c9ed79d2c191a89e02fa3529c60ed6e9c04b,1731311447,0xaa9aa398a50dd29d089aa859b97ffddec368f66f,0x3980c9ed79d2c191a89e02fa3529c60ed6e9c04b,,0,,
0x3980c9ed79d2c191a89e02fa3529c60ed6e9c04b,1731312431,0x6a4bcc37a93f3c1cb4ff4f51c2edd708d821d407,0x3980c9ed79d2c191a89e02fa3529c60ed6e9c04b,,0,,
0x3980c9ed79d2c191a89e02fa3529c60ed6e9c04b,1731316343,0x12334b75a58a70628e9d43624d494e9d0e34fc84,0x3980c9ed79d2c191a89e02fa3529c60ed6e9c04b,,0,,
0x3980c9ed79d2c191a89e02fa3529c60ed6e9c04b,1731320051,0xad4166c6204025ce9676c7b0c9b9fe7eb8e946c4,0x3980c9ed79d2c191a89e02fa3529c60ed6e9c04b,,0,,
0x3980c9ed79d2c191a89e02fa3529c60ed6e9c04b,1731320543,0xad4166c6204025ce9676c7b0c9b9fe7eb8e946c4,0x3980c9ed79d2c191a89e02fa3529c60ed6e9c04b,,0,,
0x3980c9ed79d2c191a89e02fa3529c60ed6e9c04b,1731327467,0xa4dd43bd407d7e8d74a3b85b9f38369961207218,0x3980c9ed79d2c191a89e02fa3529c60ed6e9c04b,,0,,
0x3980c9ed79d2c191a89e02fa3529c60ed6e9c04b,1731327839,0x8f1a0c165fbf9b1b6c16431ac614a502f358a87f,0x3980c9ed79d2c191a89e02fa3529c60ed6e9c04b,,0,,
0x3980c9ed79d2c191a89e02fa3529c60ed6e9c04b,1731362399,0x88f504b3aca6d5f18999aeaac4fdc7544e3e343f,0x3980c9ed79d2c191a89e02fa3529c60ed6e9c04b,,0,,
0x3980c9ed79d2c191a89e02fa3529c60ed6e9c04b,1731450287,0xf690e44dc947d84a7a14acb5aad39f6ed5a39974,0x3980c9ed79d2c191a89e02fa3529c60ed6e9c04b,,0,,
0x3980c9ed79d2c191a89e02fa3529c60ed6e9c04b,1731472283,0x52a2919fef4c0e78738286b8ac30657ef5d8ae69,0x3980c9ed79d2c191a89e02fa3529c60ed6e9c04b,,251407836210000992,,
0x3980c9ed79d2c191a89e02fa3529c60ed6e9c04b,1731493451,0xcd28c364fd3163f2df2bf89c6d5a897477eb1e33,0x3980c9ed79d2c191a89e02fa3529c60ed6e9c04b,,0,,
0x3980c9ed79d2c191a89e02fa3529c60ed6e9c04b,1731563975,0x8afcd932c015955eb3177f865b0f91e3f122b3ca,0x3980c9ed79d2c191a89e02fa3529c60ed6e9c04b,,0,,
0x3980c9ed79d2c191a89e02fa3529c60ed6e9c04b,1731613379,0xf53d0fec09fe4eabf97144f8c3418ca350c90b14,0x3980c9ed79d2c191a89e02fa3529c60ed6e9c04b,,0,,
0x3980c9ed79d2c191a89e02fa3529c60ed6e9c04b,1731762323,0x7b9bb5ba117b0795d0e1decc7bb8057a41f90be6,0x3980c9ed79d2c191a89e02fa3529c60ed6e9c04b,,0,,
0x3980c9ed79d2c191a89e02fa3529c60ed6e9c04b,1731786071,0x220a4a13def033f3dc7059cea469e0e077e85f0e,0x3980c9ed79d2c191a89e02fa3529c60ed6e9c04b,,0,,
0x3980c9ed79d2c191a89e02fa3529c60ed6e9c04b,1731828587,0xad4166c6204025ce9676c7b0c9b9fe7eb8e946c4,0x3980c9ed79d2c191a89e02fa3529c60ed6e9c04b,,0,,
0x3980c9ed79d2c191a89e02fa3529c60ed6e9c04b,1731985619,0x40d07428844e778bc05adb40c00c95300ebcd1f9,0x3980c9ed79d2c191a89e02fa3529c60ed6e9c04b,,0,,
0x3980c9ed79d2c191a89e02fa3529c60ed6e9c04b,1732045307,0x1cdad1b38245b628797abd7c60311559fd85ab6d,0x3980c9ed79d2c191a89e02fa3529c60ed6e9c04b,,2300000000000000000,,
0x3980c9ed79d2c191a89e02fa3529c60ed6e9c04b,1732083587,0xad4166c6204025ce9676c7b0c9b9fe7eb8e946c4,0x3980c9ed79d2c191a89e02fa3529c60ed6e9c04b,,0,,
0x3980c9ed79d2c191a89e02fa3529c60ed6e9c04b,1732159799,0xef80c44d996ebac95aa62589986fb3fcdfe3f7d9,0x3980c9ed79d2c191a89e02fa3529c60ed6e9c04b,,15000000000000000000,,
0x3980c9ed79d2c191a89e02fa3529c60ed6e9c04b,1732184531,0xebdce0dc9541e203aa8ea5f0b93ce1359be8f115,0x3980c9ed79d2c191a89e02fa3529c60ed6e9c04b,,0,,
0x3980c9ed79d2c191a89e02fa3529c60ed6e9c04b,1732252859,0x13e8a7867a4690bf1ebd2aa0f77bee13b5290450,0x3980c9ed79d2c191a89e02fa3529c60ed6e9c04b,,0,,
0x3980c9ed79d2c191a89e02fa3529c60ed6e9c04b,1732275611,0xb13d195bf7592044a0e35adacdcd2cbd687f2a5e,0x3980c9ed79d2c191a89e02fa3529c60ed6e9c04b,,0,,
0x3980c9ed79d2c191a89e02fa3529c60ed6e9c04b,1732288787,0x547331045b21f24561ff3a104a41f9035001cebb,0x3980c9ed79d2c191a89e02fa3529c60ed6e9c04b,,0,,
0x3980c9ed79d2c191a89e02fa3529c60ed6e9c04b,1732291703,0xdd2daec78212da3a2ccea4191544961312bd987e,0x3980c9ed79d2c191a89e02fa3529c60ed6e9c04b,,0,,
0x3980c9ed79d2c191a89e02fa3529c60ed6e9c04b,1732333199,0x1ed70045f776afbfe085a7f9219f1bd24bea343a,0x3980c9ed79d2c191a89e02fa3529c60ed6e9c04b,,0,,
0x3980c9ed79d2c191a89e02fa3529c60ed6e9c04b,1732368059,0x1cdad1b38245b628797abd7c60311559fd85ab6d,0x3980c9ed79d2c191a89e02fa3529c60ed6e9c04b,,1300000000000000000,,
0x3980c9ed79d2c191a89e02fa3529c60ed6e9c04b,1732369295,0x3c00eee9e69e632466458615112ede76c32292ee,0x3980c9ed79d2c191a89e02fa3529c60ed6e9c04b,,10000000000000000000,,
0x3980c9ed79d2c191a89e02fa3529c60ed6e9c04b,1732380755,0x1ed70045f776afbfe085a7f9219f1bd24bea343a,0x3980c9ed79d2c191a89e02fa3529c60ed6e9c04b,,0,,
0x3980c9ed79d2c191a89e02fa3529c60ed6e9c04b,1732397939,0x1a7b0986df4418e1e6da0b19d59a2717761e7b36,0x3980c9ed79d2c191a89e02fa3529c60ed6e9c04b,,0,,
0x3980c9ed79d2c191a89e02fa3529c60ed6e9c04b,1732398731,0x1a7b0986df4418e1e6da0b19d59a2717761e7b36,0x3980c9ed79d2c191a89e02fa3529c60ed6e9c04b,,0,,
0x3980c9ed79d2c191a89e02fa3529c60ed6e9c04b,1732398731,0x1a7b0986df4418e1e6da0b19d59a2717761e7b36,0x3980c9ed79d2c191a89e02fa3529c60ed6e9c04b,,0,,
0x3980c9ed79d2c191a89e02fa3529c60ed6e9c04b,1732416515,0x61ebc6b64b807903a4c6c2cf4eed1fdfa38cc710,0x3980c9ed79d2c191a89e02fa3529c60ed6e9c04b,,0,,
0x3980c9ed79d2c191a89e02fa3529c60ed6e9c04b,1732417151,0x61ebc6b64b807903a4c6c2cf4eed1fdfa38cc710,0x3980c9ed79d2c191a89e02fa3529c60ed6e9c04b,,0,,
0x3980c9ed79d2c191a89e02fa3529c60ed6e9c04b,1732422443,0x3c00eee9e69e632466458615112ede76c32292ee,0x3980c9ed79d2c191a89e02fa3529c60ed6e9c04b,,5000000000000000000,,
0x3980c9ed79d2c191a89e02fa3529c60ed6e9c04b,1732455743,0xeab470ccf9d3b75bf93477fe2a9cda5b606cfe10,0x3980c9ed79d2c191a89e02fa3529c60ed6e9c04b,,100000000000000,,
0x3980c9ed79d2c191a89e02fa3529c60ed6e9c04b,1732465691,0x1ed70045f776afbfe085a7f9219f1bd24bea343a,0x3980c9ed79d2c191a89e02fa3529c60ed6e9c04b,,0,,
0x3980c9ed79d2c191a89e02fa3529c60ed6e9c04b,1732471847,0x77d0fb80eb7902c9a8952a47e0d189db845fceb7,0x3980c9ed79d2c191a89e02fa3529c60ed6e9c04b,,0,,
0x3980c9ed79d2c191a89e02fa3529c60ed6e9c04b,1732490759,0x77d0fb80eb7902c9a8952a47e0d189db845fceb7,0x3980c9ed79d2c191a89e02fa3529c60ed6e9c04b,,0,,
0x3980c9ed79d2c191a89e02fa3529c60ed6e9c04b,1732495979,0x3c00eee9e69e632466458615112ede76c32292ee,0x3980c9ed79d2c191a89e02fa3529c60ed6e9c04b,,8000000000000000000,,
0x3980c9ed79d2c191a89e02fa3529c60ed6e9c04b,1732506575,0x4b8ca33d2db95218de27419bb0d188110589b30d,0x3980c9ed79d2c191a89e02fa3529c60ed6e9c04b,,14600000000000000000,,
0x3980c9ed79d2c191a89e02fa3529c60ed6e9c04b,1732517915,0x4b286d1b09c486b964d9a75704fb9ef9dc838a92,0x3980c9ed79d2c191a89e02fa3529c60ed6e9c04b,,0,,
0x3980c9ed79d2c191a89e02fa3529c60ed6e9c04b,1732519451,0x4b286d1b09c486b964d9a75704fb9ef9dc838a92,0x3980c9ed79d2c191a89e02fa3529c60ed6e9c04b,,0,,
0x3980c9ed79d2c191a89e02fa3529c60ed6e9c04b,1732519595,0x4b286d1b09c486b964d9a75704fb9ef9dc838a92,0x3980c9ed79d2c191a89e02fa3529c60ed6e9c04b,,0,,
0x3980c9ed79d2c191a89e02fa3529c60ed6e9c04b,1732519847,0x4b286d1b09c486b964d9a75704fb9ef9dc838a92,0x3980c9ed79d2c191a89e02fa3529c60ed6e9c04b,,0,,
0x3980c9ed79d2c191a89e02fa3529c60ed6e9c04b,1732523135,0x4c333c8853f6b6766af0ee357dda74b2c7d06341,0x3980c9ed79d2c191a89e02fa3529c60ed6e9c04b,,0,,
0x3980c9ed79d2c191a89e02fa3529c60ed6e9c04b,1732532903,0x8f1a0c165fbf9b1b6c16431ac614a502f358a87f,0x3980c9ed79d2c191a89e02fa3529c60ed6e9c04b,,0,,
0x3980c9ed79d2c191a89e02fa3529c60ed6e9c04b,1732548983,0x1cdad1b38245b628797abd7c60311559fd85ab6d,0x3980c9ed79d2c191a89e02fa3529c60ed6e9c04b,,850000000000000000,,
0x3980c9ed79d2c191a89e02fa3529c60ed6e9c04b,1732549307,0x148e7e9148043c4a529d564abe272d6177d21775,0x3980c9ed79d2c191a89e02fa3529c60ed6e9c04b,,500000000000000000,,
0x3980c9ed79d2c191a89e02fa3529c60ed6e9c04b,1732557671,0xa00d5fabe2e950ae8d79293d03d2c6e67464f5c6,0x3980c9ed79d2c191a89e02fa3529c60ed6e9c04b,,0,,
0x3980c9ed79d2c191a89e02fa3529c60ed6e9c04b,1732569263,0x89d950a3b4ad0fb349707eb9c6aebe761c456bd5,0x3980c9ed79d2c191a89e02fa3529c60ed6e9c04b,,0,,
0x3980c9ed79d2c191a89e02fa3529c60ed6e9c04b,1732590263,0x8e1dfeb00c819b4d3b47ccbd97b248dc9f59ca8e,0x3980c9ed79d2c191a89e02fa3529c60ed6e9c04b,,1400000000000000000,,
0x3980c9ed79d2c191a89e02fa3529c60ed6e9c04b,1732615007,0x055114b1019300aab9ee87f786b8bd50258d0bde,0x3980c9ed79d2c191a89e02fa3529c60ed6e9c04b,,0,,
0x3980c9ed79d2c191a89e02fa3529c60ed6e9c04b,1732615511,0xe20d269c112d1a4b01997fae3c6412d4319a1742,0x3980c9ed79d2c191a89e02fa3529c60ed6e9c04b,,0,,
0x3980c9ed79d2c191a89e02fa3529c60ed6e9c04b,1732636331,0xbecf29ba92cfdf7f83f5c54a60e7ed5d7ed191d8,0x3980c9ed79d2c191a89e02fa3529c60ed6e9c04b,,0,,
0x3980c9ed79d2c191a89e02fa3529c60ed6e9c04b,1732643219,0x71c4a94902accc09f21827df563147b05e4c77c7,0x3980c9ed79d2c191a89e02fa3529c60ed6e9c04b,,0,,
0x3980c9ed79d2c191a89e02fa3529c60ed6e9c04b,1732651871,0x9ccd92e36f3f9f7a1cd9e8f385c199a6d3e55d1a,0x3980c9ed79d2c191a89e02fa3529c60ed6e9c04b,,0,,
0x3980c9ed79d2c191a89e02fa3529c60ed6e9c04b,1732666355,0x6b1dd53567a69288aec48ee25ad33d27ba38d088,0x3980c9ed79d2c191a89e02fa3529c60ed6e9c04b,,0,,
0x3980c9ed79d2c191a89e02fa3529c60ed6e9c04b,1732666571,0x15bc87686ce6f7e8240d897f2c1360fc931d9648,0x3980c9ed79d2c191a89e02fa3529c60ed6e9c04b,,0,,
0x3980c9ed79d2c191a89e02fa3529c60ed6e9c04b,1732683923,0x9ccd92e36f3f9f7a1cd9e8f385c199a6d3e55d1a,0x3980c9ed79d2c191a89e02fa3529c60ed6e9c04b,,0,,
0x3980c9ed79d2c191a89e02fa3529c60ed6e9c04b,1732701215,0x857d5884fc42cea646bd62cc84f806aeb9a2ae6f,0x3980c9ed79d2c191a89e02fa3529c60ed6e9c04b,,0,,
0x3980c9ed79d2c191a89e02fa3529c60ed6e9c04b,1732710203,0x0d5ba355f747e75a2977f27b7d2e11544d8fe484,0x3980c9ed79d2c191a89e02fa3529c60ed6e9c04b,,0,,
0x3980c9ed79d2c191a89e02fa3529c60ed6e9c04b,1732752959,0x66cf5d0b2c1fcf60814120387780a2810017c8be,0x3980c9ed79d2c191a89e02fa3529c60ed6e9c04b,,0,,
0x3980c9ed79d2c191a89e02fa3529c60ed6e9c04b,1732753679,0x66cf5d0b2c1fcf60814120387780a2810017c8be,0x3980c9ed79d2c191a89e02fa3529c60ed6e9c04b,,0,,
0x3980c9ed79d2c191a89e02fa3529c60ed6e9c04b,1732838603,0xfd13b13c94639a73bd1a8593b5436d88287f3734,0x3980c9ed79d2c191a89e02fa3529c60ed6e9c04b,,0,,
0x3980c9ed79d2c191a89e02fa3529c60ed6e9c04b,1732881035,0xca4784af7ebe83a7eafefd1c8f81d00425f366d9,0x3980c9ed79d2c191a89e02fa3529c60ed6e9c04b,,0,,
0x3980c9ed79d2c191a89e02fa3529c60ed6e9c04b,1732892903,0x1e66189620de03e7df15dacc065a53329f58917c,0x3980c9ed79d2c191a89e02fa3529c60ed6e9c04b,,0,,
0x3980c9ed79d2c191a89e02fa3529c60ed6e9c04b,1732917119,0xd3fea6e73096569262949e4ce52c257c731ef6bc,0x3980c9ed79d2c191a89e02fa3529c60ed6e9c04b,,0,,
0x3980c9ed79d2c191a89e02fa3529c60ed6e9c04b,1732926827,0x8f1a0c165fbf9b1b6c16431ac614a502f358a87f,0x3980c9ed79d2c191a89e02fa3529c60ed6e9c04b,,0,,
0x3980c9ed79d2c191a89e02fa3529c60ed6e9c04b,1732941131,0x3f155e348738c9598fa8faac512b428ecd033e67,0x3980c9ed79d2c191a89e02fa3529c60ed6e9c04b,,0,,
0x3980c9ed79d2c191a89e02fa3529c60ed6e9c04b,1732945439,0x3c00eee9e69e632466458615112ede76c32292ee,0x3980c9ed79d2c191a89e02fa3529c60ed6e9c04b,,5000000000000000000,,
0x3980c9ed79d2c191a89e02fa3529c60ed6e9c04b,1732946627,0x3c00eee9e69e632466458615112ede76c32292ee,0x3980c9ed79d2c191a89e02fa3529c60ed6e9c04b,,5000000000000000000,,
0x3980c9ed79d2c191a89e02fa3529c60ed6e9c04b,1732952351,0x3c00eee9e69e632466458615112ede76c32292ee,0x3980c9ed79d2c191a89e02fa3529c60ed6e9c04b,,5000000000000000000,,
0x5bdf85216ec1e38d6458c870992a69e38e03f7ef,1730419235,0x5bdf85216ec1e38d6458c870992a69e38e03f7ef,0xdab396ccf3d84cf2d07c4454e10c8a6f5b008d2b,,0,,
0x5bdf85216ec1e38d6458c870992a69e38e03f7ef,1730419691,0x5bdf85216ec1e38d6458c870992a69e38e03f7ef,0x95ad61b0a150d79219dcf64e1e6cc01f0b64c4ce,,0,,
0x5bdf85216ec1e38d6458c870992a69e38e03f7ef,1730419715,0x5bdf85216ec1e38d6458c870992a69e38e03f7ef,0xdfef6416ea3e6ce587ed42aa7cb2e586362cbbfa,,0,,
0x5bdf85216ec1e38d6458c870992a69e38e03f7ef,1730419991,0x5bdf85216ec1e38d6458c870992a69e38e03f7ef,0xfe3e6a25e6b192a42a44ecddcd13796471735acf,,0,,
0x5bdf85216ec1e38d6458c870992a69e38e03f7ef,1730420051,0x5bdf85216ec1e38d6458c870992a69e38e03f7ef,0x53b5eb18381e3867b7c1617ec635020067383dcb,,2772065793000000,,
0x5bdf85216ec1e38d6458c870992a69e38e03f7ef,1730420111,0x5bdf85216ec1e38d6458c870992a69e38e03f7ef,0xf17e65822b568b3903685a7c9f496cf7656cc6c2,,0,,
0x5bdf85216ec1e38d6458c870992a69e38e03f7ef,1730420375,0x5bdf85216ec1e38d6458c870992a69e38e03f7ef,0xe53ec727dbdeb9e2d5456c3be40cff031ab40a55,,0,,
0x5bdf85216ec1e38d6458c870992a69e38e03f7ef,1730420531,0x5bdf85216ec1e38d6458c870992a69e38e03f7ef,0x6982508145454ce325ddbe47a25d4ec3d2311933,,0,,
0x5bdf85216ec1e38d6458c870992a69e38e03f7ef,1730420795,0x5bdf85216ec1e38d6458c870992a69e38e03f7ef,0xe53ec727dbdeb9e2d5456c3be40cff031ab40a55,,0,,
0x5bdf85216ec1e38d6458c870992a69e38e03f7ef,1730421215,0x5bdf85216ec1e38d6458c870992a69e38e03f7ef,0xb23d80f5fefcddaa212212f028021b41ded428cf,,0,,
0x5bdf85216ec1e38d6458c870992a69e38e03f7ef,1730421311,0x5bdf85216ec1e38d6458c870992a69e38e03f7ef,0x4d453aa0611c51728a5e8ee72dc6570b8244feca,,254467341000000,,
0x5bdf85216ec1e38d6458c870992a69e38e03f7ef,1730421491,0x5bdf85216ec1e38d6458c870992a69e38e03f7ef,0xd1d2eb1b1e90b638588728b4130137d262c87cae,,0,,
0x5bdf85216ec1e38d6458c870992a69e38e03f7ef,1730421611,0x5bdf85216ec1e38d6458c870992a69e38e03f7ef,0xf17e65822b568b3903685a7c9f496cf7656cc6c2,,0,,
0x5bdf85216ec1e38d6458c870992a69e38e03f7ef,1730421695,0x5bdf85216ec1e38d6458c870992a69e38e03f7ef,0x95ad61b0a150d79219dcf64e1e6cc01f0b64c4ce,,0,,
0x5bdf85216ec1e38d6458c870992a69e38e03f7ef,1730422175,0x5bdf85216ec1e38d6458c870992a69e38e03f7ef,0x4d453aa0611c51728a5e8ee72dc6570b8244feca,,227871189000000,,
0x5bdf85216ec1e38d6458c870992a69e38e03f7ef,1730422475,0x5bdf85216ec1e38d6458c870992a69e38e03f7ef,0x2dff88a56767223a5529ea5960da7a3f5f766406,,0,,
0x5bdf85216ec1e38d6458c870992a69e38e03f7ef,1730422895,0x5bdf85216ec1e38d6458c870992a69e38e03f7ef,0xdfef6416ea3e6ce587ed42aa7cb2e586362cbbfa,,0,,
0x5bdf85216ec1e38d6458c870992a69e38e03f7ef,1730423075,0x5bdf85216ec1e38d6458c870992a69e38e03f7ef,0x4d224452801aced8b2f0aebe155379bb5d594381,,0,,
0x5bdf85216ec1e38d6458c870992a69e38e03f7ef,1730423435,0x5bdf85216ec1e38d6458c870992a69e38e03f7ef,0x4d453aa0611c51728a5e8ee72dc6570b8244feca,,224224976000000,,
0x5bdf85216ec1e38d6458c870992a69e38e03f7ef,1730423435,0x5bdf85216ec1e38d6458c870992a69e38e03f7ef,0x5026f006b85729a8b14553fae6af249ad16c9aab,,0,,
0x5bdf85216ec1e38d6458c870992a69e38e03f7ef,1730424311,0x5bdf85216ec1e38d6458c870992a69e38e03f7ef,0x84ca1b342db256518c70936a91da83d10f7439b7,,1223554057000000,,
0x5bdf85216ec1e38d6458c870992a69e38e03f7ef,1730424371,0x5bdf85216ec1e38d6458c870992a69e38e03f7ef,0x2687b6a7984c60046a46525565860d01775bb1c9,,2361044325000000,,
0x5bdf85216ec1e38d6458c870992a69e38e03f7ef,1730424935,0x5bdf85216ec1e38d6458c870992a69e38e03f7ef,0x6982508145454ce325ddbe47a25d4ec3d2311933,,0,,
0x5bdf85216ec1e38d6458c870992a69e38e03f7ef,1730425151,0x5bdf85216ec1e38d6458c870992a69e38e03f7ef,0x03dde9e5bb31ee40a471476e2fccf75c67921062,,0,,
0x5bdf85216ec1e38d6458c870992a69e38e03f7ef,1730425235,0x5bdf85216ec1e38d6458c870992a69e38e03f7ef,0x03dde9e5bb31ee40a471476e2fccf75c67921062,,0,,
0x5bdf85216ec1e38d6458c870992a69e38e03f7ef,1730425355,0x5bdf85216ec1e38d6458c870992a69e38e03f7ef,0xb62132e35a6c13ee1ee0f84dc5d40bad8d815206,,0,,
0x5bdf85216ec1e38d6458c870992a69e38e03f7ef,1730425451,0x5bdf85216ec1e38d6458c870992a69e38e03f7ef,0x6982508145454ce325ddbe47a25d4ec3d2311933,,0,,
0x5bdf85216ec1e38d6458c870992a69e38e03f7ef,1730425595,0x5bdf85216ec1e38d6458c870992a69e38e03f7ef,0xa19bef263293ea83f762ba332a2f3a1e6f4e9a5a,,157318822000000,,
0x5bdf85216ec1e38d6458c870992a69e38e03f7ef,1730425595,0x5bdf85216ec1e38d6458c870992a69e38e03f7ef,0x6982508145454ce325ddbe47a25d4ec3d2311933,,0,,
0x5bdf85216ec1e38d6458c870992a69e38e03f7ef,1730425811,0x5bdf85216ec1e38d6458c870992a69e38e03f7ef,0x4d453aa0611c51728a5e8ee72dc6570b8244feca,,153517722000000,,
0x5bdf85216ec1e38d6458c870992a69e38e03f7ef,1730426711,0x5bdf85216ec1e38d6458c870992a69e38e03f7ef,0x68749665ff8d2d112fa859aa293f07a622782f38,,0,,
0x5bdf85216ec1e38d6458c870992a69e38e03f7ef,1730426951,0x5bdf85216ec1e38d6458c870992a69e38e03f7ef,0x163f8c2467924be0ae7b5347228cabf260318753,,0,,
0x5bdf85216ec1e38d6458c870992a69e38e03f7ef,1730427131,0x5bdf85216ec1e38d6458c870992a69e38e03f7ef,0xd26114cd6ee289accf82350c8d8487fedb8a0c07,,0,,
0x5bdf85216ec1e38d6458c870992a69e38e03f7ef,1730427431,0x5bdf85216ec1e38d6458c870992a69e38e03f7ef,0xa5f0c781c4a665ffb36ccf8d8fd73bf09accabd9,,1581354499000000,,
0x5bdf85216ec1e38d6458c870992a69e38e03f7ef,1730427911,0x5bdf85216ec1e38d6458c870992a69e38e03f7ef,0x6982508145454ce325ddbe47a25d4ec3d2311933,,0,,
0x5bdf85216ec1e38d6458c870992a69e38e03f7ef,1730427935,0x5bdf85216ec1e38d6458c870992a69e38e03f7ef,0x72e4f9f808c49a2a61de9c5896298920dc4eeea9,,0,,
0x5bdf85216ec1e38d6458c870992a69e38e03f7ef,1730428511,0x5bdf85216ec1e38d6458c870992a69e38e03f7ef,0x25ff51aa205482098ad041cee8907771ccf8de28,,379810907000000,,
0x5bdf85216ec1e38d6458c870992a69e38e03f7ef,1730428655,0x5bdf85216ec1e38d6458c870992a69e38e03f7ef,0xc37362927fe05aba72c533e23f97781ebb0877b7,,79538938000000,,
0x5bdf85216ec1e38d6458c870992a69e38e03f7ef,1730429015,0x5bdf85216ec1e38d6458c870992a69e38e03f7ef,0xa2cd3d43c775978a96bdbf12d733d5a1ed94fb18,,0,,
0x5bdf85216ec1e38d6458c870992a69e38e03f7ef,1730429135,0x5bdf85216ec1e38d6458c870992a69e38e03f7ef,0x4d224452801aced8b2f0aebe155379bb5d594381,,0,,
0x5bdf85216ec1e38d6458c870992a69e38e03f7ef,1730429771,0x5bdf85216ec1e38d6458c870992a69e38e03f7ef,0x23cd107005727a88ea19bfabffad061cef846da0,,2430731039000000,,
0x5bdf85216ec1e38d6458c870992a69e38e03f7ef,1730429855,0x5bdf85216ec1e38d6458c870992a69e38e03f7ef,0xf57e7e7c23978c3caec3c3548e3d615c346e79ff,,0,,
0x5bdf85216ec1e38d6458c870992a69e38e03f7ef,1730430491,0x5bdf85216ec1e38d6458c870992a69e38e03f7ef,0xb98d4c97425d9908e66e53a6fdf673acca0be986,,0,,
0x5bdf85216ec1e38d6458c870992a69e38e03f7ef,1730430851,0x5bdf85216ec1e38d6458c870992a69e38e03f7ef,0x0e0fb633554577f36e49978b988b7719104186b7,,1202334266000000,,
0x5bdf85216ec1e38d6458c870992a69e38e03f7ef,1730430875,0x5bdf85216ec1e38d6458c870992a69e38e03f7ef,0x27c70cd1946795b66be9d954418546998b546634,,0,,
0x5bdf85216ec1e38d6458c870992a69e38e03f7ef,1730431535,0x5bdf85216ec1e38d6458c870992a69e38e03f7ef,0x1592a16c274fefcfed0f1e01ec50da960d8cfd46,,1273422164000000,,
0x5bdf85216ec1e38d6458c870992a69e38e03f7ef,1730431595,0x5bdf85216ec1e38d6458c870992a69e38e03f7ef,0x5a3e6a77ba2f983ec0d371ea3b475f8bc0811ad5,,0,,
0x5bdf85216ec1e38d6458c870992a69e38e03f7ef,1730433431,0x5bdf85216ec1e38d6458c870992a69e38e03f7ef,0xf57e7e7c23978c3caec3c3548e3d615c346e79ff,,0,,
0x5bdf85216ec1e38d6458c870992a69e38e03f7ef,1730433911,0x5bdf85216ec1e38d6458c870992a69e38e03f7ef,0x0cfd23f96c4d9519a1ed4387082e2bdd2f89ee39,,1415827031000000,,
0x5bdf85216ec1e38d6458c870992a69e38e03f7ef,1730434091,0x5bdf85216ec1e38d6458c870992a69e38e03f7ef,0xd3e38da5bbcfa0ee582e99cba63fcfdcf54e1c01,,1776852229000000,,
0x5bdf85216ec1e38d6458c870992a69e38e03f7ef,1730434091,0x5bdf85216ec1e38d6458c870992a69e38e03f7ef,0xd1d2eb1b1e90b638588728b4130137d262c87cae,,0,,
0x5bdf85216ec1e38d6458c870992a69e38e03f7ef,1730434451,0x5bdf85216ec1e38d6458c870992a69e38e03f7ef,0x3649d0d43ba97117336ac2fcdfda0c59fa60487d,,1798171200000000,,
0x5bdf85216ec1e38d6458c870992a69e38e03f7ef,1730434535,0x5bdf85216ec1e38d6458c870992a69e38e03f7ef,0xaaee1a9723aadb7afa2810263653a34ba2c21c7a,,0,,
0x5bdf85216ec1e38d6458c870992a69e38e03f7ef,1730434775,0x5bdf85216ec1e38d6458c870992a69e38e03f7ef,0xf819d9cb1c2a819fd991781a822de3ca8607c3c9,,0,,
0x5bdf85216ec1e38d6458c870992a69e38e03f7ef,1730434931,0x5bdf85216ec1e38d6458c870992a69e38e03f7ef,0xc11158c5da9db1d553ed28f0c2ba1cbedd42cfcb,,0,,
0x5bdf85216ec1e38d6458c870992a69e38e03f7ef,1730435315,0x5bdf85216ec1e38d6458c870992a69e38e03f7ef,0x06450dee7fd2fb8e39061434babcfc05599a6fb8,,0,,
0x5bdf85216ec1e38d6458c870992a69e38e03f7ef,1730435495,0x5bdf85216ec1e38d6458c870992a69e38e03f7ef,0x9204026e6049d05076b2ebf8111c0e1124e51d4e,,2563347557000000,,
0x5bdf85216ec1e38d6458c870992a69e38e03f7ef,1730435495,0x5bdf85216ec1e38d6458c870992a69e38e03f7ef,0xb98d4c97425d9908e66e53a6fdf673acca0be986,,0,,
0x5bdf85216ec1e38d6458c870992a69e38e03f7ef,1730435651,0x5bdf85216ec1e38d6458c870992a69e38e03f7ef,0x5744d858407272c980e3dcf3c23b270f75105f59,,1209701345000000,,
0x5bdf85216ec1e38d6458c870992a69e38e03f7ef,1730435891,0x5bdf85216ec1e38d6458c870992a69e38e03f7ef,0xbd0d0c1b0a097af7f22cc8edb7a58b767b2c4dd6,,514846273000000,,
0x5bdf85216ec1e38d6458c870992a69e38e03f7ef,1730435891,0x5bdf85216ec1e38d6458c870992a69e38e03f7ef,0x2400a03900e5002c5e93cc2aa47d1ec0ce03ea43,,1731685965000000,,
0x5bdf85216ec1e38d6458c870992a69e38e03f7ef,1730437391,0x5bdf85216ec1e38d6458c870992a69e38e03f7ef,0xed1167b6dc64e8a366db86f2e952a482d0981ebd,,0,,
0x5bdf85216ec1e38d6458c870992a69e38e03f7ef,1730437511,0x5bdf85216ec1e38d6458c870992a69e38e03f7ef,0xea5ed20df718564c9024ca1caa0a3ab9d5a64315,,2236743710000000,,
0x5bdf85216ec1e38d6458c870992a69e38e03f7ef,1730438771,0x5bdf85216ec1e38d6458c870992a69e38e03f7ef,0x4d453aa0611c51728a5e8ee72dc6570b8244feca,,1492252035000000,,
0x5bdf85216ec1e38d6458c870992a69e38e03f7ef,1730439815,0x5bdf85216ec1e38d6458c870992a69e38e03f7ef,0x1ce270557c1f68cfb577b856766310bf8b47fd9c,,0,,
0x5bdf85216ec1e38d6458c870992a69e38e03f7ef,1730440391,0x5bdf85216ec1e38d6458c870992a69e38e03f7ef,0xc18360217d8f7ab5e7c516566761ea12ce7f9d72,,0,,
0x5bdf85216ec1e38d6458c870992a69e38e03f7ef,1730440655,0x5bdf85216ec1e38d6458c870992a69e38e03f7ef,0x3c4b6e6e1ea3d4863700d7f76b36b7f3d3f13e3d,,0,,
0x5bdf85216ec1e38d6458c870992a69e38e03f7ef,1730441375,0x5bdf85216ec1e38d6458c870992a69e38e03f7ef,0x3c4b6e6e1ea3d4863700d7f76b36b7f3d3f13e3d,,0,,
0x5bdf85216ec1e38d6458c870992a69e38e03f7ef,1730441951,0x5bdf85216ec1e38d6458c870992a69e38e03f7ef,0x4d224452801aced8b2f0aebe155379bb5d594381,,0,,
0x5bdf85216ec1e38d6458c870992a69e38e03f7ef,1730442011,0x5bdf85216ec1e38d6458c870992a69e38e03f7ef,0xfebe878370574f887cc8f0e0d0407abae58dc70e,,136920891000000,,
0x5bdf85216ec1e38d6458c870992a69e38e03f7ef,1730442035,0x5bdf85216ec1e38d6458c870992a69e38e03f7ef,0x3c4b6e6e1ea3d4863700d7f76b36b7f3d3f13e3d,,0,,
0x5bdf85216ec1e38d6458c870992a69e38e03f7ef,1730442131,0x5bdf85216ec1e38d6458c870992a69e38e03f7ef,0x1ce270557c1f68cfb577b856766310bf8b47fd9c,,0,,
0x5bdf85216ec1e38d6458c870992a69e38e03f7ef,1730442551,0x5bdf85216ec1e38d6458c870992a69e38e03f7ef,0x0be840cce0439d647b1e2bc671cfa1be07bc2bea,,1802225730000000,,
0x5bdf85216ec1e38d6458c870992a69e38e03f7ef,1730442695,0x5bdf85216ec1e38d6458c870992a69e38e03f7ef,0x2ad9addd0d97ec3cdba27f92bf6077893b76ab0b,,0,,
0x5bdf85216ec1e38d6458c870992a69e38e03f7ef,1730442791,0x5bdf85216ec1e38d6458c870992a69e38e03f7ef,0x7714f320adca62b149df2579361afec729c5fe6a,,0,,
0x5bdf85216ec1e38d6458c870992a69e38e03f7ef,1730442971,0x5bdf85216ec1e38d6458c870992a69e38e03f7ef,0x12b6893ce26ea6341919fe289212ef77e51688c8,,0,,
0x5bdf85216ec1e38d6458c870992a69e38e03f7ef,1730444711,0x5bdf85216ec1e38d6458c870992a69e38e03f7ef,0x42f12c15cd8601a52fe89a49bf4cc95b1a2588b5,,2757655886000000,,
0x5bdf85216ec1e38d6458c870992a69e38e03f7ef,1730445191,0x5bdf85216ec1e38d6458c870992a69e38e03f7ef,0x72e4f9f808c49a2a61de9c5896298920dc4eeea9,,0,,
0x5bdf85216ec1e38d6458c870992a69e38e03f7ef,1730445251,0x5bdf85216ec1e38d6458c870992a69e38e03f7ef,0x6982508145454ce325ddbe47a25d4ec3d2311933,,0,,
0x5bdf85216ec1e38d6458c870992a69e38e03f7ef,1730445635,0x5bdf85216ec1e38d6458c870992a69e38e03f7ef,0xcc8fa225d80b9c7d42f96e9570156c65d6caaa25,,0,,
0x5bdf85216ec1e38d6458c870992a69e38e03f7ef,1730446115,0x5bdf85216ec1e38d6458c870992a69e38e03f7ef,0x03dde9e5bb31ee40a471476e2fccf75c67921062,,0,,
0x5bdf85216ec1e38d6458c870992a69e38e03f7ef,1730446271,0x5bdf85216ec1e38d6458c870992a69e38e03f7ef,0x03dde9e5bb31ee40a471476e2fccf75c67921062,,0,,
0x5bdf85216ec1e38d6458c870992a69e38e03f7ef,1730446271,0x5bdf85216ec1e38d6458c870992a69e38e03f7ef,0x03dde9e5bb31ee40a471476e2fccf75c67921062,,0,,
0x5bdf85216ec1e38d6458c870992a69e38e03f7ef,1730446271,0x5bdf85216ec1e38d6458c870992a69e38e03f7ef,0x4e15361fd6b4bb609fa63c81a2be19d873717870,,0,,
0x5bdf85216ec1e38d6458c870992a69e38e03f7ef,1730446415,0x5bdf85216ec1e38d6458c870992a69e38e03f7ef,0x4385328cc4d643ca98dfea734360c0f596c83449,,0,,
0x5bdf85216ec1e38d6458c870992a69e38e03f7ef,1730446835,0x5bdf85216ec1e38d6458c870992a69e38e03f7ef,0x6b175474e89094c44da98b954eedeac495271d0f,,0,,
0x5bdf85216ec1e38d6458c870992a69e38e03f7ef,1730447195,0x5bdf85216ec1e38d6458c870992a69e38e03f7ef,0x4d453aa0611c51728a5e8ee72dc6570b8244feca,,235846087000000,,
0x5bdf85216ec1e38d6458c870992a69e38e03f7ef,1730447471,0x5bdf85216ec1e38d6458c870992a69e38e03f7ef,0x03dde9e5bb31ee40a471476e2fccf75c67921062,,0,,
0x5bdf85216ec1e38d6458c870992a69e38e03f7ef,1730447771,0x5bdf85216ec1e38d6458c870992a69e38e03f7ef,0x6982508145454ce325ddbe47a25d4ec3d2311933,,0,,
0x5bdf85216ec1e38d6458c870992a69e38e03f7ef,1730448095,0x5bdf85216ec1e38d6458c870992a69e38e03f7ef,0x01ce44068de10444a2ff7298c588933037c9c08c,,1369115869000000,,
0x5bdf85216ec1e38d6458c870992a69e38e03f7ef,1730448371,0x5bdf85216ec1e38d6458c870992a69e38e03f7ef,0x163f8c2467924be0ae7b5347228cabf260318753,,0,,
0x5bdf85216ec1e38d6458c870992a69e38e03f7ef,1730448635,0x5bdf85216ec1e38d6458c870992a69e38e03f7ef,0x1ce270557c1f68cfb577b856766310bf8b47fd9c,,0,,
0x5bdf85216ec1e38d6458c870992a69e38e03f7ef,1730448875,0x5bdf85216ec1e38d6458c870992a69e38e03f7ef,0xc98d64da73a6616c42117b582e832812e7b8d57f,,0,,
0x5bdf85216ec1e38d6458c870992a69e38e03f7ef,1730449031,0x5bdf85216ec1e38d6458c870992a69e38e03f7ef,0xd9c9ee9a494f19167c486b3396ecc2f64d709900,,742001430000000,,
0x5bdf85216ec1e38d6458c870992a69e38e03f7ef,1730449211,0x5bdf85216ec1e38d6458c870992a69e38e03f7ef,0xc2533e2722f58d99c21042836b767891e133e538,,3142379934000000,,
0x5bdf85216ec1e38d6458c870992a69e38e03f7ef,1730449355,0x5bdf85216ec1e38d6458c870992a69e38e03f7ef,0x95ad61b0a150d79219dcf64e1e6cc01f0b64c4ce,,0,,
0x5bdf85216ec1e38d6458c870992a69e38e03f7ef,1730449451,0x5bdf85216ec1e38d6458c870992a69e38e03f7ef,0x168e209d7b2f58f1f24b8ae7b7d35e662bbf11cc,,0,,
0x5bdf85216ec1e38d6458c870992a69e38e03f7ef,1730449991,0x5bdf85216ec1e38d6458c870992a69e38e03f7ef,0x4d224452801aced8b2f0aebe155379bb5d594381,,0,,
0x5bdf85216ec1e38d6458c870992a69e38e03f7ef,1730450111,0x5bdf85216ec1e38d6458c870992a69e38e03f7ef,0xe53ec727dbdeb9e2d5456c3be40cff031ab40a55,,0,,
0x5bdf85216ec1e38d6458c870992a69e38e03f7ef,1730450471,0x5bdf85216ec1e38d6458c870992a69e38e03f7ef,0xe53ec727dbdeb9e2d5456c3be40cff031ab40a55,,0,,
0x0fe382b74c3894b65c10e5c12ae60bbd8faf5b48,1731033275,0x680f8981e28fc48a1ed657895e5642960e0cf3e9,0x0fe382b74c3894b65c10e5c12ae60bbd8faf5b48,,0,,
